version,success_rate,test_failed_rate,runtime_failed_rate,infinite_loop_rate,compile_failure_rate,token_size_exceeded_rate
commented,53.48837209302325,2.3255813953488373,0.0,0.0,39.53488372093023,4.651162790697675
comments_removed,62.7906976744186,2.3255813953488373,0.0,0.0,30.23255813953488,4.651162790697675
