version,success_rate,test_failed_rate,runtime_failed_rate,infinite_loop_rate,compile_failure_rate,token_size_exceeded_rate
commented,55.81395348837209,16.27906976744186,0.0,0.0,27.906976744186046,0.0
comments_removed,53.48837209302325,11.627906976744185,2.3255813953488373,0.0,32.55813953488372,0.0
