version,success_rate,test_failed_rate,runtime_failed_rate,infinite_loop_rate,compile_failure_rate,token_size_exceeded_rate
commented,39.53488372093023,11.627906976744185,46.51162790697674,2.3255813953488373,0.0,0.0
comments_removed,41.86046511627907,9.30232558139535,48.837209302325576,0.0,0.0,0.0
