version,success_rate,test_failed_rate,runtime_failed_rate,infinite_loop_rate,compile_failure_rate,token_size_exceeded_rate
commented,55.81395348837209,4.651162790697675,18.6046511627907,0.0,20.930232558139537,0.0
comments_removed,65.11627906976744,2.3255813953488373,9.30232558139535,0.0,23.25581395348837,0.0
