version,success_rate,test_failed_rate,runtime_failed_rate,infinite_loop_rate,compile_failure_rate,token_size_exceeded_rate
commented,53.48837209302325,4.651162790697675,4.651162790697675,0.0,37.2093023255814,0.0
comments_removed,53.48837209302325,4.651162790697675,0.0,2.3255813953488373,39.53488372093023,0.0
