version,success_rate,test_failed_rate,runtime_failed_rate,infinite_loop_rate,compile_failure_rate,token_size_exceeded_rate
commented,67.44186046511628,2.3255813953488373,2.3255813953488373,0.0,27.906976744186046,0.0
comments_removed,60.46511627906976,6.976744186046512,2.3255813953488373,2.3255813953488373,27.906976744186046,0.0
