version,success_rate,test_failed_rate,runtime_failed_rate,infinite_loop_rate,compile_failure_rate,token_size_exceeded_rate
commented,34.883720930232556,18.6046511627907,2.3255813953488373,0.0,44.18604651162791,0.0
comments_removed,34.883720930232556,20.930232558139537,4.651162790697675,0.0,39.53488372093023,0.0
