version,success_rate,test_failed_rate,runtime_failed_rate,infinite_loop_rate,compile_failure_rate,token_size_exceeded_rate
commented,25.581395348837212,2.3255813953488373,30.23255813953488,2.3255813953488373,39.53488372093023,0.0
comments_removed,23.25581395348837,6.976744186046512,34.883720930232556,0.0,34.883720930232556,0.0
