version,success_rate,test_failed_rate,runtime_failed_rate,infinite_loop_rate,compile_failure_rate,token_size_exceeded_rate
commented,34.883720930232556,2.3255813953488373,2.3255813953488373,0.0,60.46511627906976,0.0
comments_removed,20.930232558139537,2.3255813953488373,2.3255813953488373,0.0,74.4186046511628,0.0
