version,success_rate,test_failed_rate,runtime_failed_rate,infinite_loop_rate,compile_failure_rate,token_size_exceeded_rate
commented,39.53488372093023,9.30232558139535,48.837209302325576,2.3255813953488373,0.0,0.0
comments_removed,32.55813953488372,6.976744186046512,60.46511627906976,0.0,0.0,0.0
