version,success_rate,test_failed_rate,runtime_failed_rate,infinite_loop_rate,compile_failure_rate,token_size_exceeded_rate
commented,58.139534883720934,0.0,2.3255813953488373,0.0,39.53488372093023,0.0
comments_removed,46.51162790697674,4.651162790697675,6.976744186046512,0.0,41.86046511627907,0.0
