version,success_rate,test_failed_rate,runtime_failed_rate,infinite_loop_rate,compile_failure_rate,token_size_exceeded_rate
commented,65.11627906976744,6.976744186046512,0.0,0.0,27.906976744186046,0.0
comments_removed,60.46511627906976,4.651162790697675,2.3255813953488373,0.0,32.55813953488372,0.0
