version,success_rate,test_failed_rate,runtime_failed_rate,infinite_loop_rate,compile_failure_rate,token_size_exceeded_rate
commented,46.51162790697674,11.627906976744185,4.651162790697675,0.0,37.2093023255814,0.0
comments_removed,51.162790697674424,9.30232558139535,4.651162790697675,0.0,34.883720930232556,0.0
