version,success_rate,test_failed_rate,runtime_failed_rate,infinite_loop_rate,compile_failure_rate,token_size_exceeded_rate
commented,53.48837209302325,9.30232558139535,27.906976744186046,0.0,9.30232558139535,0.0
comments_removed,53.48837209302325,11.627906976744185,32.55813953488372,0.0,2.3255813953488373,0.0
