version,success_rate,test_failed_rate,runtime_failed_rate,infinite_loop_rate,compile_failure_rate,token_size_exceeded_rate
commented,60.46511627906976,9.30232558139535,4.651162790697675,0.0,25.581395348837212,0.0
comments_removed,51.162790697674424,6.976744186046512,0.0,0.0,41.86046511627907,0.0
