version,success_rate,test_failed_rate,runtime_failed_rate,infinite_loop_rate,compile_failure_rate,token_size_exceeded_rate
commented,76.74418604651163,4.651162790697675,9.30232558139535,0.0,9.30232558139535,0.0
comments_removed,83.72093023255815,2.3255813953488373,13.953488372093023,0.0,0.0,0.0
