version,success_rate,test_failed_rate,runtime_failed_rate,infinite_loop_rate,compile_failure_rate,token_size_exceeded_rate
commented,69.76744186046511,11.627906976744185,2.3255813953488373,0.0,16.27906976744186,0.0
comments_removed,60.46511627906976,13.953488372093023,2.3255813953488373,0.0,23.25581395348837,0.0
