version,success_rate,test_failed_rate,runtime_failed_rate,infinite_loop_rate,compile_failure_rate,token_size_exceeded_rate
commented,46.51162790697674,11.627906976744185,0.0,0.0,41.86046511627907,0.0
comments_removed,53.48837209302325,9.30232558139535,2.3255813953488373,0.0,34.883720930232556,0.0
